<?xml version="1.0"?>
<ruleset name="Custom ruleset"
    xmlns="http://pmd.sf.net/ruleset/1.0.0"
    xmlns:xsi="http://www.w3.org/2001/XMLSchema-instance"
    xsi:schemaLocation="http://pmd.sf.net/ruleset/1.0.0 http://pmd.sf.net/ruleset_xml_schema.xsd"
    xsi:noNamespaceSchemaLocation="http://pmd.sf.net/ruleset_xml_schema.xsd">
    <rule ref="rulesets/java/basic.xml" />
    <rule ref="rulesets/java/braces.xml" />
    <rule ref="rulesets/java/coupling.xml">
        <exclude name="LoosePackageCoupling" />
        <exclude name="ExcessiveImports" />
    </rule>
    <rule ref="rulesets/java/design.xml" />
    <rule ref="rulesets/java/comments.xml" />
    <rule ref="rulesets/java/codesize.xml" />
    <rule ref="rulesets/java/logging-java.xml" />
    <rule ref="rulesets/java/javabeans.xml" />
    <rule ref="rulesets/java/codesize.xml/CyclomaticComplexity">
        <properties>
            <property name="reportLevel" value="8" />
        </properties>
    </rule>
    <rule ref="rulesets/java/optimizations.xml" />
    <rule ref="rulesets/java/unusedcode.xml" />
</ruleset>
