<?xml version="1.0" encoding="UTF-8" standalone="yes"?>
<env>
	<time messageId="17853057" msgTime="2020-06-10 6:00PM">
		<hotel messageType="NEW" roomID="164" flrNum="1" bedNum="3" vacancy="0">
			<roomData>
				<roomId>164</roomId>
				<flrNum>1</flrNum>
				<bedNum>3</bedNum>
				<vacancy>0</vacancy>
				<kitchen>1</kitchen>
				<jczi>1</jczi>
				<bidet>0</bidet>
				<prefRank>0</prefRank>
				<tempControl>1</tempControl>
				<curTemp>69</curTemp>
				<tlc>2020-06-10 4:27PM</tlc>
				<cReq>1</cReq>
				<sReq>0</sReq>
			</roomData>
		</hotel>
	</time>
</env>
