{
  "full_name": "John Doe",
  "faa_email": "johnDoe@faa.gov",
  "github_username": "chriskline459",
  "project_name": "faaTest Project",
  "project_slug": "{{ cookiecutter.project_name.lower().replace(' ', '_').replace('-', '_') }}",
  "project_short_description": "Python cookiecutter package reformatted for use within the FAA.",
  "pypi_username": "{{ cookiecutter.github_username }}",
  "version": "0.1.0",
  "use_pytest": "n",
  "use_pypi_deployment_with_travis": "y",
  "add_pyup_badge": "n",
  "command_line_interface": ["Click", "Argparse", "No command-line interface"],
  "create_author_file": "y",
  "open_source_license": ["MIT license", "BSD license", "ISC license", "Apache Software License 2.0", "GNU General Public License v3", "Not open source"]
}
