<?xml version="1.0" encoding="UTF-8" standalone="yes"?>
<env
	xmlns="urn:us:gov:dot:faa:atm:tfm:tbfmmeteringpublication" envSrce="TMA.ZMA.FAA.GOV" envTime="2020-06-19T14:35:54.393Z" targetNamespace="urn:us:gov:dot:faa:atm:tfm:tbfmmeteringpublication">
	<tma msgId="9206529" msgTime="2020-06-19T14:35:54.393Z">
		<air airType="NEW" aid="SWA8853" dap="BWI" apt="FLL" tmaId="R01699">
			<flt>
				<aid>SWA8853</aid>
				<dap>BWI</dap>
				<apt>FLL</apt>
				<fps>ESTIMATED</fps>
				<acs>ACTIVE</acs>
				<typ>B737/L</typ>
				<eng>JET</eng>
				<bcn>3676</bcn>
				<spd>447.0</spd>
				<ara>38000</ara>
				<ina/>
				<trw/>
				<drw/>
				<tds/>
				<cfx>ILM190032</cfx>
				<ctm>2020-06-19T15:05:00Z</ctm>
				<etd/>
				<std/>
				<etm/>
				<est>FAA</est>
				<a10>KBWI./.ORF343046..BAHAA.AR21.CRANS.FISEL7.KFLL/1637</a10>
				<tcr>ORF343046/0000 BAHAA/0000 DULEE/0000 HALSS/0000 CRANS/0000 FATHR/0000 TOOMR/0000 JALOP/0000 GISSH/0000 FISEL/0000 KFLL/0000</tcr>
			</flt>
		</air>
	</tma>
</env>