<?xml version="1.0" encoding="UTF-8" standalone="yes"?>
<env
	xmlns="urn:us:gov:dot:faa:atm:tfm:tbfmmeteringpublication" envSrce="TMA.ZFW.FAA.GOV" envTime="2020-06-10T13:02:01.417Z" targetNamespace="urn:us:gov:dot:faa:atm:tfm:tbfmmeteringpublication">
	<tma msgId="17853057" msgTime="2020-06-10T13:02:01.417Z">
		<air airType="NEW" aid="AAL2101" dap="DCA" apt="DFW" tmaId="F03873">
			<flt>
				<aid>AAL2101</aid>
				<dap>KBOS</dap>
				<apt>KBDU</apt>
				<fps>ESTIMATED</fps>
				<acs>ACTIVE</acs>
				<typ>A321/L</typ>
				<eng>JET</eng>
				<bcn>2156</bcn>
				<spd>456.0</spd>
				<ara>36000</ara>
				<ina/>
				<trw/>
				<drw/>
				<tds/>
				<cfx>BKW033054</cfx>
				<ctm>2020-06-10T13:28:00Z</ctm>
				<etd/>
				<std/>
				<etm/>
				<est>FAA</est>
				<a10>KDCA.REBLL4.OTTTO.Q68.HVQ.J78.FAM..FSM..KOMMA..RRNET.BRDJE3.KDFW/1554</a10>
				<tcr>KDCA/0000 OTTTO/0000 CAPOE/0000 HAMME/0000 HHOLZ/0000 RONZZ/0000 TOMCA/0000 HVQ/0000 DACOS/0000 IIU/0000 PXV/0000 FAM081082/0000 PLESS/0000 FAM/0000 FSM/0000 KOMMA/0000 RRNET/0000 PLEZE/0000 CHMLI/0000 JUSST/0000 TUSLE/0000 SEEVR/0000 BRDJE/0000 KDFW/0000</tcr>
			</flt>
		</air>
	</tma>
</env>
